"","V1","V2","V3","V4","V5","V6","V7","V8","V9","V10","V11","V12","V13","V14","V15","V16","V17","V18","V19","V20","V21","V22","V23","V24","V25","V26","V27","V28","V29","V30","V31","V32","V33","V34","V35","V36","V37","V38","V39","V40","V41","V42","V43","V44","V45","V46","V47","V48","V49","V50"
"1",3.87301455734704e-06,8.97203726555967e-06,1.41687243478888e-05,1.93936930949711e-05,2.46307602363234e-05,2.98740473598554e-05,3.51210039894478e-05,4.03702928253742e-05,4.56211606237748e-05,5.08730725839653e-05,5.61257766248757e-05,6.13792142451131e-05,6.66329013686853e-05,7.18872858241865e-05,7.71417433812479e-05,8.23963650291962e-05,8.76514185172058e-05,9.29065765734296e-05,9.81618569665123e-05,0.000103417152923261,0.00010867263238821,0.000113928235350585,0.000119183900398778,0.000124439551069182,0.000129695319160693,0.000134951243788786,0.000140207133112362,0.000145462943810985,0.000150718824227682,0.000155974822468244,0.000161230917498877,0.000166486842029691,0.000171743125530203,0.00017699925845925,0.00018225530696867,0.00018751147545176,0.000192767646039233,0.000198023821741685,0.000203279998074724,0.000208536108575106,0.000213792414239586,0.000219048651509731,0.000224304885293816,0.000229561129633427,0.000234817464842618,0.000240073626558707,0.000245329910059741,0.000250586291036143,0.000255842536958203,0.000261098867747891
"2",1.53147874670212e-05,3.54336688263966e-05,5.59313374463423e-05,7.65386708053855e-05,9.71926457757484e-05,0.000117870750141977,0.000138563038510593,0.000159264244407475,0.000179971413232932,0.000200682905218194,0.000221397421921473,0.000242114484139395,0.000262833132274741,0.000283553410675988,0.000304274824539108,0.000324996921475488,0.000345720161898137,0.00036644383230726,0.000387168152043437,0.000407892894727164,0.000428618002929266,0.000449343467330346,0.000470069318051919,0.000490795318198956,0.000511521639163808,0.000532248031416043,0.000552974809681199,0.00057370157580349,0.000594428512742255,0.000615155686521278,0.000635882822489218,0.000656610131541017,0.000677337566304502,0.000698065033192962,0.000718792660822248,0.000739520331545775,0.000760248081059823,0.000780975897909787,0.000801703600257405,0.00082243154989527,0.000843159592551357,0.000863887503646185,0.000884615552034233,0.000905343600781929,0.00092607178538921,0.000946799864098139,0.00096752798494439,0.000988256248118621,0.0010089843658482,0.00102971267949397
"3",3.40700983965029e-05,7.87343076938827e-05,0.000124225178104359,0.000169955023250005,0.00021578633518231,0.000261670211461642,0.00030758473337811,0.000353518732387198,0.000399465900786825,0.000445422179849671,0.00049138533908352,0.000537353640014057,0.000583325893091471,0.000629301295038987,0.000675279125719842,0.000721258991665302,0.000767240568453035,0.000813223321695615,0.000859207625520242,0.000905192684363823,0.000951178714144878,0.00099716532639487,0.00104315274796006,0.00108914051413828,0.00113512899896816,0.00118111782776375,0.00122710704515061,0.00127309656173888,0.00131908639199213,0.00136507644713837,0.0014110668783239,0.00145705748862459,0.0015030482745378,0.00154903921057425,0.00159503033901807,0.00164102163957724,0.00168701311634575,0.00173300464209257,0.001778996241736,0.00182498792607909,0.00187097972586505,0.00191697180764288,0.00196296376470891,0.00200895567114596,0.0020549479686668,0.00210094026149252,0.00214693241651873,0.0021929247602137,0.00223891718559236,0.00228490954132581
"4",5.98966245579756e-05,0.000138260237742948,0.000218050538510197,0.000298252463471476,0.000378629303609662,0.000459096477249418,0.000539616334418627,0.000620169727434988,0.000700745599817837,0.000781337494273835,0.000861940876628857,0.000942553031567573,0.00102317198077631,0.00110379614534808,0.00118442490387872,0.00126505677116437,0.00134569159925105,0.00142632888535005,0.00150696795510962,0.00158760861865724,0.00166825097831022,0.00174889448245946,0.0018295390585207,0.00191018461065804,0.00199083075125955,0.00207147783094669,0.00215212535870404,0.00223277353938792,0.00231342211328803,0.00239407124286254,0.00247472076490513,0.00255537050419838,0.00263602048053043,0.0027166708813618,0.00279732155283034,0.00287797230364756,0.00295862320228502,0.00303927442624501,0.003119925732543,0.00320057728984302,0.00328122888744863,0.00336188051950512,0.00344253228181326,0.00352318433515878,0.00360383616680861,0.00368448831498342,0.00376514020934477,0.00384579243619492,0.00392644470735432,0.00400709674706614
"5",9.25639538457439e-05,0.000213432011676689,0.000336465851050519,0.000460123782852499,0.000584046321326751,0.000708105756598061,0.000832244880049445,0.000956434637707326,0.00108065834747482,0.00120490616200068,0.00132917131786975,0.00145344969064067,0.00157773817068551,0.00170203464922248,0.00182633748665965,0.00195064547264469,0.00207495755471253,0.0021992731976996,0.00232359164823489,0.00244791263866863,0.00257223564481134,0.00269656040219666,0.00282088674385346,0.00294521428243563,0.00306954313158984,0.00319387286047987,0.00331820343448319,0.00344253429452377,0.00356686620141976,0.0036911986631488,0.00381553160799349,0.00393986497475153,0.00406419868976648,0.0041885326876149,0.00431286700173444,0.00443720145480075,0.00456153616224249,0.00468587102585414,0.00481020605382082,0.00493454116988137,0.00505887640195708,0.00518321162406827,0.00530754700359494,0.00543188215780579,0.00555621776156472,0.00568055324859782,0.00580488857767345,0.00592922393722476,0.00605355925694573,0.00617789452434465
"6",0.000131852862480137,0.000303701795076641,0.000478583180277455,0.000654337007464322,0.000830460575691929,0.0010067749877753,0.00118320079163706,0.00135969689600956,0.00153624036972244,0.00171281698083574,0.00188941795633093,0.00206603706247568,0.00224267016488533,0.00241931408634538,0.00259596686528894,0.00277262642351624,0.00294929168773031,0.0031259614576797,0.00330263520713806,0.00347931225561948,0.00365599188570612,0.00383267381366126,0.00400935763540151,0.00418604302810512,0.00436272993908692,0.0045394177943597,0.00471610686205025,0.00489279661121448,0.00506948701961711,0.00524617795777826,0.00542286953365828,0.00559956132692442,0.00577625348537873,0.00595294599721138,0.00612963847674964,0.00630633126348273,0.00648302394956126,0.00665971669445086,0.00683640962555965,0.00701310228861466,0.00718979501205362,0.00736648761966827,0.00754317993837366,0.00771987228458367,0.00789656433335788,0.00807325627907457,0.00824994794179532,0.00842663936780283,0.00860333055516426,0.00878002156718188
"7",0.000177554509460112,0.000408550907353704,0.000643563528594875,0.000879730003153724,0.00111638494311096,0.00135329194764657,0.00159034548600938,0.00182749174081359,0.00206470019768724,0.0023019523353081,0.00253923606900699,0.00277654346571303,0.00301386872783693,0.00325120817063397,0.00348855865734666,0.0037259180304923,0.00396328453346599,0.0042006567069851,0.00443803366592302,0.00467541453149403,0.00491279847534387,0.00515018524376231,0.00538757399103345,0.00562496442575408,0.00586235649636898,0.00609974965590154,0.00633714365837915,0.00657453843174706,0.00681193374764139,0.00704932968884093,0.00728672558603385,0.00752412150604393,0.00776151776434583,0.00799891366337551,0.0082363096181963,0.00847370551350047,0.0087111009222448,0.00894849606717492,0.00918589065953591,0.00942328492224241,0.00966067873659613,0.00989807217459499,0.0101354647589905,0.0103728570122471,0.0106102485630296,0.0108476394374297,0.0110850297515261,0.0113224193730645,0.0115598075479974,0.0117971956052499
"8",0.000229469754573529,0.000527487597689382,0.000830613428803093,0.00113520456919433,0.00144041560670852,0.00174594585590688,0.00205166166824038,0.00235749452945488,0.00266340563645179,0.00296937150833954,0.00327537686906741,0.00358141180268536,0.00388746875125603,0.004193543082278,0.00449963081695797,0.00480572899763606,0.00511183579538494,0.00541794914356673,0.00572406794163625,0.00603019114563391,0.00633631759065685,0.00664244687804511,0.00694857828494831,0.00725471125401914,0.00756084537342895,0.00786698033616429,0.00817311588059343,0.00847925185487285,0.00878538778447087,0.00909152349910596,0.00939765895822742,0.00970379390447676,0.0100099283999432,0.0103160621418656,0.0106221950417557,0.0109283271732689,0.011234458127428,0.0115405881568219,0.0118467170273678,0.012152844636173,0.0124589710732352,0.0127650962390432,0.0130712194491228,0.0133773418948515,0.0136834627703867,0.013989582595709,0.0142957006022379,0.0146018172587751,0.0149079324669905,0.0152140458059629
"9",0.000287408506238719,0.000660045177233309,0.00103898133990443,0.00141972195251545,0.0018012249480986,0.00218312021386625,0.00256524278182714,0.00294750848354513,0.00332986966727663,0.00371229724341439,0.00409477244145839,0.00447728288060771,0.00485981985712219,0.00524237702590376,0.00562494960074834,0.00600753438714657,0.00639012837719145,0.00677272996811719,0.00715533698696273,0.00753794832668611,0.0079205630312472,0.00830317996198912,0.00868579862799906,0.00906841816150744,0.00945103830921554,0.00983365867040315,0.0102162784092275,0.0105988977414487,0.0109815160315356,0.0113641331841817,0.0117467491020696,0.0121293632384467,0.0125119758966876,0.0128945864517675,0.0132771952482013,0.0136598016709126,0.0140424061343165,0.0144250082059203,0.014807607163053,0.0151902043784237,0.0155727991405262,0.0159553912971453,0.0163379805746153,0.0167205674908227,0.0171031514959359,0.0174857327629347,0.0178683111524329,0.0182508866253479,0.0186334592741176,0.0190160289135318
"10",0.000351189197944195,0.000805780177408451,0.00126795428894697,0.00173229755371345,0.0021975560221706,0.00266328428198367,0.00312928470856006,0.00359545557244008,0.00406173970312969,0.00452810217977989,0.00499452038192023,0.0054609797348497,0.00592746918441571,0.00639398165589374,0.00686051121435713,0.00732705383508174,0.00779360630693464,0.00826016621337406,0.00872673139753819,0.00919330019881569,0.00965987145327893,0.0101264442686413,0.0105930174361578,0.0110595902061321,0.0115261624043556,0.0119927329194202,0.0124593016988021,0.0129258682488346,0.0133924323366529,0.0138589932735934,0.0143255512393591,0.0147921057820043,0.0152586568169393,0.0157252041637141,0.0161917469219731,0.0166582861596184,0.017124821471746,0.0175913523152158,0.0180578787199421,0.0185244009316875,0.0189909182856986,0.0194574314832907,0.0199239395136807,0.0203904427755917,0.0208569414213939,0.0213234349876731,0.0217899235789588,0.0222564075243566,0.0227228861383921,0.0231893596900043
"11",0.000351189197006005,0.000805780202377035,0.00126795428874397,0.0017322975537098,0.00219755602631693,0.00266328428230715,0.00312928470974457,0.00359545557256888,0.00406173970307209,0.00452810218033212,0.00499452038176794,0.00546097973491865,0.0059274691858689,0.00639398165596139,0.00686051121438903,0.00732705383512636,0.00779360630692061,0.00826016616929121,0.00872673139759071,0.00919330019890158,0.00965987145346428,0.0101264442686979,0.0105930174361412,0.011059590206149,0.0115261624041526,0.0119927329189626,0.012459301702472,0.0129258682488842,0.013392432336701,0.0138589932734805,0.0143255512393416,0.0147921057795223,0.015258656808502,0.0157252041636632,0.0161917469225151,0.0166582861596431,0.0171248214717661,0.0175913523155297,0.0180578787196236,0.0185244009301402,0.0189909182856649,0.0194574314831806,0.0199239395116836,0.020390442775484,0.0208569414213515,0.0213234349876751,0.0217899237247617,0.022256407524384,0.0227228861260659,0.0231893596857516
"12",0.00127545446383657,0.00290404664714488,0.00455692887646019,0.00621663438000982,0.00787914677966387,0.00954304321019853,0.0112076919620878,0.0128727697179028,0.0145380932460567,0.0162035511136174,0.0178690713244295,0.0195346053359931,0.0212001192527349,0.0228655883972494,0.0245309944291383,0.0261963233083823,0.0278615641210462,0.0295267083964432,0.0311917481163309,0.0328566790630342,0.0345214957783216,0.0361861939437194,0.0378507704878243,0.0395152214381715,0.0411795449503826,0.0428437384708247,0.0445077994300678,0.0461717262160088,0.0478355169088021,0.0494991695017739,0.0511626830287483,0.0528260554614765,0.0544892855809731,0.0561523720519168,0.0578153135530928,0.0594781088467308,0.0611407568794965,0.0628032563065818,0.0644656057765076,0.0661278045258689,0.0677898514296033,0.0694517453007932,0.0711134850302385,0.0727750696894905,0.0744364983040447,0.0760977693230759,0.0777588824865575,0.0794198362004681,0.0810806294587335,0.0827412617861842
"13",0.00263084059614711,0.00595626963002647,0.00932729235053022,0.0127107115630255,0.0160989050380522,0.0194891705906252,0.0228803046170507,0.02627168677003,0.0296629632252434,0.0330539146771648,0.0364443976109475,0.0398343118725921,0.0432235847845904,0.0466121615497091,0.0499999996238784,0.0533870634578674,0.0567733236785313,0.0601587551304323,0.0635433357082415,0.0669270450584666,0.0703098648568255,0.0736917778699584,0.0770727680726163,0.080452819971996,0.0838319182102109,0.0872100483212344,0.0905871961490909,0.0939633472442253,0.0973384881788028,0.100712604350524,0.104085682264127,0.107457708158532,0.110828667911145,0.114198547613091,0.117567333084653,0.120935010282047,0.124301565085422,0.127666982737168,0.13103124888265,0.134394348671052,0.13775626746617,0.141116989925766,0.14447650087719,0.147834784811171,0.151191826159615,0.154547608810475,0.15790211677414,0.161255333827878,0.164607243237874,0.167957828131163
"14",0.00431957794197526,0.0097376369740325,0.0152250782636911,0.0207302813465239,0.0262413517571769,0.0317540451209802,0.0372664471250235,0.0427775515181664,0.0482867645135769,0.0537937025363281,0.0592980972807659,0.0647997485509132,0.0702984969857835,0.0757942093891884,0.0812867693684455,0.0867760724444789,0.0922620213346922,0.0977445236624703,0.103223490418834,0.10869883409857,0.114170468899389,0.119638308456366,0.125102267058254,0.130562257541853,0.136018192436329,0.141469982947175,0.14691753838289,0.152360766873555,0.157799574719016,0.163233866114765,0.168663543247166,0.174088506009005,0.179508651903862,0.184923876663024,0.19033407218687,0.195739129116354,0.20113893432178,0.206533372268437,0.211922324115993,0.217305668657266,0.222683280481855,0.228055031908268,0.233420791028002,0.238780422934383,0.244133788804573,0.249480746347215,0.25482114934029,0.260154847152666,0.265481686067424,0.270801506915236
"15",0.00627011681789232,0.0140875010950003,0.0219990270114268,0.0299321774064742,0.0378700844972781,0.04580662863421,0.0537389682691304,0.0616655350354744,0.069585338411156,0.0774976792517089,0.0854020129968579,0.0932978843735165,0.101184889852058,0.109062654836172,0.11693082158479,0.124789039747602,0.132636961815488,0.140474237318756,0.148300511466104,0.15611542282099,0.163918600410859,0.17170966367431,0.179488220339898,0.187253866044581,0.19500618207926,0.202744736683793,0.210469081678961,0.218178753597105,0.225873271591712,0.233552137619714,0.241214834426752,0.248860825811053,0.256489555292895,0.264100445467011,0.271692896546746,0.279266286020166,0.28681996790501,0.294353271386553,0.301865500134794,0.309355931373659,0.316823814552007,0.324268371007854,0.331688792620239,0.339084240877488,0.346453846189839,0.353796706736945,0.361111887458571,0.368398419294511,0.375655298724535,0.382881485686777
"16",0.00842748817573693,0.0188841321827388,0.0294590412053951,0.040056179668995,0.0506528117902457,0.0612404216048238,0.0718148263906454,0.0823735189385686,0.0929147354282439,0.103437074906045,0.113939318178546,0.124420336090291,0.134879038148983,0.145314341222587,0.155725150479357,0.166110346146567,0.176468772993884,0.186799233888632,0.197100483068729,0.207371220874664,0.21761008968676,0.227815668579965,0.237986470341402,0.248120936473587,0.258217434376109,0.268274252259871,0.278289596095052,0.288261586362435,0.29818825330528,0.308067534192934,0.317897270338176,0.327675202932922,0.337398970793945,0.347066107535872,0.356674039969902,0.366220085513393,0.375701452068843,0.385115237121694,0.394458427789034,0.403727903622736,0.412920437611255,0.422032700737609,0.431061267568606,0.440002621652084,0.44885316575974,0.457609230834688,0.466267088449477,0.474822965943891,0.483273062082682,0.491613565752628
"17",0.0107477106407956,0.0240305648913223,0.0374531037428748,0.0508927495580806,0.0643196366730541,0.077721960626594,0.0910933971536715,0.104429697624883,0.117727495406065,0.130983806967057,0.144195797196949,0.157360652547279,0.17047551022457,0.18353741143592,0.19654326914316,0.209489844471589,0.222373727675051,0.235191321232005,0.247938825639492,0.260612226934721,0.273207284345966,0.285719520534328,0.298144212433414,0.310476384260302,0.322710801442235,0.334841967715374,0.346864125277227,0.358771258218009,0.370557098561835,0.382215139411103,0.393738651180988,0.40512070536677,0.416354203737654,0.427431915882505,0.438346522939918,0.449090670323531,0.459657027991047,0.470038356580234,0.480227582679401,0.490217877487996,0.500002740417496,0.509576085165881,0.518932324052285,0.528066451467663,0.536974120112599,0.545651709316672,0.554096383060641,0.562306134576448,0.57027981450767,0.578017145416439
"18",0.0131943479108702,0.0294460665131084,0.0458533710879046,0.062263481330778,0.078637515110121,0.0949588432037185,0.111217492868148,0.127405898441579,0.143517397693287,0.15954559337128,0.175484042242736,0.191326082774595,0.20706473111561,0.222692608997169,0.238201893568147,0.253584278462871,0.268830946054567,0.28393254800281,0.298879195705202,0.313660460847218,0.32826538878127,0.342682525113004,0.35689996010439,0.370905390317257,0.38468620237119,0.398229578663152,0.411522624941747,0.424552524132776,0.437306707799935,0.449773049863141,0.461940071705339,0.473797154600473,0.485334752162945,0.496544591122864,0.507419852604645,0.517955323476896,0.528147510104763,0.537994705987417,0.547497013411456,0.556656315073985,0.565476198765778,0.573961841259401,0.582119858362606,0.589958129476627,0.597485605512025,0.604712111193868,0.611648147598399,0.618304703767868,0.624693081056981,0.630824736010445
"19",0.0157362952799814,0.035060703177411,0.0545472477297993,0.0740083614820956,0.0933932996354289,0.112678017979111,0.131846220444169,0.150884145029878,0.169778695957777,0.188516635945313,0.207084184535463,0.225466798356591,0.243649044260942,0.26161453190649,0.279345892425669,0.296824800876442,0.314032043495545,0.330947636290889,0.347550997374383,0.363821179639635,0.37973716517474,0.395278218294256,0.410424292240016,0.425156476736074,0.439457467548515,0.453312032137751,0.466707446074771,0.479633868673892,0.492084631332822,0.504056415560268,0.515549309548646,0.526566739346381,0.537115282158794,0.547204380683938,0.556845980497494,0.566054119321178,0.574844495205818,0.583234037122313,0.591240499898438,0.598882096894181,0.606177179459228,0.613143967477135,0.619800332187909,0.626163626318939,0.632250558487722,0.638077106120938,0.64365845960021,0.649008993909838,0.654142259445438,0.659070990933726
"20",0.0183463132242752,0.0408117390063911,0.0634313855374583,0.0859770511377142,0.108381871357687,0.130610233923104,0.152635108517494,0.17443175794531,0.195975474811455,0.217240629803238,0.238200251332207,0.258825882617872,0.279087620199255,0.298954310909117,0.31839389988649,0.337373928767626,0.355862184834824,0.373827482696854,0.391240549513211,0.408074968533038,0.424308108747603,0.439921972207686,0.454903877492514,0.469246913033769,0.482950119184542,0.496018380737303,0.508462052602159,0.520296360567573,0.531540645601259,0.5422175207028,0.552352011742039,0.561970737592299,0.571101171323896,0.579771007809203,0.58800764706001,0.595837793031749,0.60328715741976,0.610380255703646,0.617140280939716,0.623589037664448,0.6297469246565,0.635632951971157,0.641264783797643,0.646658797832683,0.651830155540871,0.656792877744101,0.661559922593736,0.666143263154708,0.670553962597459,0.674802246019811
"21",0.0210000435383434,0.0466412227504262,0.0724076077913392,0.0980228789618715,0.123397913810007,0.14847932931727,0.173222795669756,0.197585667260096,0.221524484353068,0.244994163516095,0.267947992291366,0.290338138416269,0.312116569602095,0.333236326570828,0.353653072064411,0.373326812931294,0.392223640930625,0.410317312846886,0.427590483971118,0.44403544385849,0.459654263240188,0.474458350084157,0.488467491621659,0.501708520895878,0.514213777424204,0.526019522501506,0.537164444499435,0.547688344459925,0.557631050477325,0.567031572927839,0.575927488674411,0.584354522871518,0.592346296189551,0.599934200502931,0.607147370426169,0.614012723993854,0.62055504909785,0.626797119284828,0.632759825905279,0.638462316346731,0.643922133537094,0.649155351101664,0.65417670164406,0.658999697287888,0.663636741131507,0.668099229285109,0.6723976441695,0.676541639477571,0.680540116553615,0.684401293691265
"22",0.0236753524401132,0.0524944088985877,0.0813802811685843,0.109999109105031,0.138231203953952,0.165997083420353,0.193226749401759,0.219851654382927,0.245802675673074,0.271010424782946,0.295406821002131,0.318927487173411,0.341514632799717,0.363120060553822,0.383707881266202,0.403256521111487,0.421759712201941,0.439226319084214,0.455679074651617,0.471152467668143,0.485690132069218,0.499342095664575,0.512162183829145,0.524205776938666,0.535528012969351,0.546182451380578,0.556220155862883,0.565689125260363,0.574634000514487,0.583095971819549,0.591112826804757,0.598719091200064,0.605946223922241,0.612822841292219,0.619374951424809,0.625626186566642,0.631598026172583,0.63731000539083,0.642779908410057,0.648023943684272,0.653056903603439,0.657892307203241,0.662542528618468,0.667018912011538,0.671331873578973,0.675490993054433,0.679505094800183,0.683382320298702,0.687130192930174,0.690755675386881
"23",0.0263519111180481,0.0583188436664121,0.0902549933176576,0.121757598427441,0.152666245657166,0.182865930372699,0.212253012675054,0.240727818794122,0.268194734484016,0.294565327012394,0.319762821673785,0.343726815601232,0.36641724603043,0.387816787436056,0.407931207153944,0.426787662071665,0.444431360050075,0.460921265258596,0.476325563552986,0.490717466169242,0.504171705893847,0.516761862029067,0.528558493062442,0.539627963528807,0.550031814344218,0.559826532674444,0.569063592353739,0.577789667458269,0.586046945143296,0.593873486835321,0.601303603318434,0.608368223364825,0.615095241909099,0.62150984190857,0.627634787717388,0.63349068851715,0.639096233385912,0.644468400614246,0.649622642766498,0.654573050142128,0.659332495166998,0.663912759770782,0.668324647766783,0.672578084099129,0.676682202864428,0.680645424600692,0.684475525547669,0.688179698434521,0.691764607247426,0.695236435415957
"24",0.0290109535435089,0.0640640318813125,0.0989385763175416,0.133150288723404,0.16648756982957,0.1987923849096,0.229924803653086,0.259758495563446,0.288184792245028,0.315119192378165,0.340507306680068,0.364328305674912,0.386594880074979,0.407349778783882,0.426659855877229,0.444608969303441,0.461290993224552,0.476803812647225,0.491244701344821,0.504707116035459,0.517278716072759,0.529040335825361,0.54006563308854,0.550421183906928,0.560166844997334,0.569356260594643,0.578037427985001,0.586253271602975,0.59404219292005,0.601438580626997,0.608473273613561,0.615173974942849,0.621565618868968,0.627670693891047,0.633509526142557,0.639100527170213,0.644460410942426,0.649604383095777,0.654546306475563,0.659298846243571,0.663873596952207,0.668281193824749,0.672531411136794,0.676633248275328,0.680595006248051,0.684424355133075,0.688128393618821,0.691713702481533,0.695186391635682,0.698552142325665
"25",0.0316351720418248,0.0696816468791215,0.10734056561722,0.144033963199337,0.179491606076801,0.213512081127549,0.245928628500434,0.276609094108853,0.305463005305735,0.332447374799695,0.357567658869791,0.380873121157458,0.402447904744173,0.422400144164403,0.440851346934817,0.457927524945056,0.47375266283202,0.488444455318442,0.502111903757781,0.514854271378422,0.526760938816219,0.537911806624313,0.54837799143522,0.558222650313349,0.567501831602136,0.576265293426903,0.584557259406483,0.592417099534632,0.599879933972108,0.60697716205211,0.613736924026101,0.620184501263637,0.626342663504491,0.632231969259595,0.637871026016517,0.643276715719973,0.648464390775761,0.653448043912786,0.658240456944328,0.662853330116398,0.667297395322292,0.671582515998474,0.675717774110804,0.679711547553868,0.683571578170024,0.687305032061796,0.690918553107878,0.694418310644833,0.697810042032554,0.701099090420742
"26",0.034208719123654,0.0751262392317556,0.115376095671374,0.154278192283412,0.191504162584504,0.226821979346001,0.260064209952674,0.291129638178472,0.31998647839927,0.346668697408469,0.371264788132669,0.393902063630162,0.41473040132113,0.433908357290615,0.451592941751305,0.467933054346272,0.483065901416262,0.49711553282806,0.510192736343092,0.522395713251483,0.533811141671058,0.544515385858936,0.554575706748216,0.564051398890131,0.572994820066986,0.581452302698655,0.589464948878428,0.597069318217518,0.604298020219073,0.611180223115123,0.617742089948468,0.624007152937054,0.629996635358948,0.635729728222525,0.6412238288824,0.646494747193817,0.651556884475462,0.656423388468669,0.661106288822727,0.665616615024269,0.669964499685695,0.674159269775644,0.678209526061606,0.682123214011015,0.685907685988116,0.689569756717453,0.693115752614073,0.696551555284483,0.699882641102915,0.703114115998003
"27",0.0367172868058929,0.080356361225063,0.122969951317359,0.163775322098666,0.202399471656938,0.238608692084995,0.272274929357348,0.303369635242081,0.331952458047906,0.358151136006171,0.38213733272078,0.404104105512503,0.424248441535694,0.442759673807995,0.459812957631687,0.475566408649212,0.490160578258257,0.503719255762023,0.516350920443647,0.528150430166248,0.53920071434609,0.549574353999815,0.559334997884744,0.568538602491253,0.57723450216134,0.585466325328001,0.593272775559654,0.600688295186015,0.607743630199869,0.614466310282806,0.620881058511811,0.627010141067113,0.632873666537593,0.638489843248316,0.643875200939708,0.649044781693196,0.65401230619949,0.658790317583583,0.663390307058161,0.667822823585353,0.672097570327306,0.676223489076477,0.680208834882494,0.68406124189617,0.687787781791723,0.691395015785238,0.694889040401679,0.698275529024392,0.701559768580955,0.704746692591212
"28",0.0391482343341855,0.0853359523797779,0.130061110080266,0.172450105532821,0.212114275899418,0.248860037281738,0.282641763101896,0.313535198394678,0.341704599847943,0.367367183453369,0.390762261292951,0.412128988696991,0.431692814621435,0.449658731583328,0.466209034634263,0.481503706107907,0.495682129342791,0.508865336591218,0.521158348383052,0.532652380484292,0.543426822730535,0.553550963302032,0.563085465576154,0.57208362175153,0.580592411676635,0.588653395379519,0.596303464636652,0.603575477548782,0.610498794865913,0.617099734587751,0.623401958331041,0.629426800938398,0.635193552225415,0.640719699484467,0.64602113545147,0.65111233872775,0.656006529874954,0.660715807437465,0.665251266176772,0.669623100981536,0.673840697810879,0.677912713826437,0.6818471479312,0.685651403488003,0.689332343616561,0.692896340569036,0.696349319729652,0.699696798806858,0.702943923049683,0.706095496593408
"29",0.0414907339532315,0.0900357562756242,0.136606761215539,0.180265953393551,0.22065110225763,0.257654013627395,0.29134468939876,0.32191599839239,0.349631018062821,0.374779766796319,0.397649575094376,0.418508173980582,0.437596079341191,0.45512475131811,0.471277861684079,0.486213977805654,0.500069692678813,0.512962703465608,0.524994612783781,0.53625337723153,0.546815397997452,0.556747284924242,0.566107333665336,0.574946760508795,0.583310733344008,0.591239234270091,0.598767781648847,0.605928037814073,0.612748321111754,0.619254039277798,0.625468057172465,0.631411011023129,0.63710157645391,0.6425566991567,0.647791793397513,0.652820913765741,0.657656904327906,0.662311528169696,0.666795580636177,0.67111898878266,0.67529089817243,0.67931974983444,0.683213348023901,0.686978920175246,0.690623170278344,0.694152326331064,0.697572182612913,0.700888137384642,0.704105226981098,0.707228156247409
"30",0.0437359041887785,0.0944344943106499,0.142584721961531,0.187225551504638,0.228069299102947,0.265130971672018,0.298612253430861,0.328818486301393,0.35609504611147,0.380785381357893,0.403208034995001,0.423646932333973,0.442349508870848,0.459528818236581,0.475367294600638,0.490020917188482,0.503623180268285,0.516288623042968,0.528115858042623,0.539190119236029,0.549585383813359,0.559366131420751,0.568588799833946,0.577302991572664,0.585552474883965,0.59337601818823,0.600808086693111,0.607879427324214,0.614617560872449,0.621047198808871,0.627190596792439,0.633067856033135,0.638697181679428,0.644095103848895,0.649276669289982,0.654255606591053,0.659044469544284,0.663654762559129,0.668097049574047,0.672381050183363,0.676515723551374,0.680509342865051,0.684369560907736,0.688103467966781,0.691717643870819,0.695218203747839,0.698610839146574,0.701900854663504,0.705093201147143,0.708192505058249
"31",0.0458769027718596,0.0985195383956864,0.147993523560004,0.193365598223177,0.23446772621491,0.271461339312745,0.304679207491431,0.334523993175171,0.36140426446034,0.385700253274111,0.407749652967993,0.427844844995022,0.446235695347989,0.46313453257748,0.478721571292683,0.49314999502735,0.506550409605086,0.519034610192642,0.53069871318544,0.541625735984539,0.551887714013525,0.561547439317784,0.570659888586259,0.579273401179751,0.587430653320785,0.595169468363881,0.602523492093224,0.609522759161758,0.616194170103864,0.622561894291388,0.628647712431684,0.634471308599723,0.640050519940686,0.645401551798411,0.650539162992155,0.6554768259224,0.660226866534484,0.66480058531453,0.669208363822949,0.67345975767297,0.677563578604933,0.681527966760825,0.685360454552172,0.689068023462165,0.692657154191452,0.69613387196875,0.699503786176053,0.702772126607985,0.705943775566665,0.709023296606922
"32",0.0479089574011397,0.102286918023127,0.152850115316483,0.198747521200034,0.239965470600248,0.27681917818334,0.309760556071197,0.339270950356796,0.365805118489734,0.389767687971607,0.411507627063446,0.43132127176642,0.449458626558615,0.466130334471241,0.481514181080534,0.495760740053942,0.508998100805537,0.52133575678077,0.532867777497718,0.543675388615733,0.553829070919167,0.563390273294733,0.572412814091205,0.580944033541476,0.589025745504239,0.596695027002276,0.603984876534881,0.610924766223395,0.617541105761984,0.623857635453438,0.629895759496211,0.635674830489816,0.641212393402603,0.646524394592402,0.651625363145124,0.656528567136452,0.661246149822221,0.665789248353647,0.67016809785018,0.674392122068232,0.678470014042728,0.682409806510301,0.686218934713472,0.689904291951155,0.693472278752306,0.696928847257238,0.70027954025273,0.703529526523411,0.706683632485227,0.70974637051755
"33",0.0498293217411833,0.105740640490182,0.157185816511467,0.203447003425,0.244685723447366,0.281365586380806,0.31404039392995,0.343252511066862,0.369489565497321,0.393172048067707,0.414655326089624,0.434237198120918,0.452166732855878,0.468652603011213,0.483870288481978,0.497968068201098,0.511071902709841,0.523289380874405,0.53471290125607,0.545422239256777,0.555486624374707,0.564966427583935,0.573914539537873,0.582377500963805,0.590396435446908,0.598007822424745,0.60524414211496,0.612134415277527,0.618704657586213,0.624978264079023,0.630976335848738,0.636717958181794,0.64222043981791,0.647499517785733,0.652569534910311,0.657443593246162,0.662133687579957,0.666650822245964,0.671005112640904,0.675205874972809,0.679261705082775,0.683180547742666,0.686969758555135,0.690636158221228,0.694186081424339,0.697625420057092,0.700959661924487,0.704193925445321,0.707332990923033,0.710381328189947
"34",0.051637154965071,0.108891450498756,0.161041511257077,0.207544726234758,0.248744996193347,0.285240972896617,0.317670251388812,0.346621444792422,0.372605315876294,0.396052582943281,0.41732208622052,0.436711768558825,0.454469334175709,0.4708015123645,0.48588172321092,0.499856282090649,0.512849369890936,0.524967004718893,0.536300218605769,0.546927606813748,0.556917383207432,0.566329045529229,0.575214733149984,0.583620339253955,0.591586427947863,0.599148994239184,0.606340097228557,0.613188390684854,0.619719569269668,0.625956746637545,0.631920776125922,0.637630524509198,0.643103106757587,0.648354088158456,0.653397658394142,0.658246782847933,0.662913333977579,0.667408206235057,0.671741416152448,0.675922190850066,0.679959045450585,0.683859851807483,0.687631899150696,0.691281947852882,0.69481627758851,0.698240730081058,0.701560747075803,0.704781404899844,0.707907445086701,0.71094330194546
"35",0.0533333333420362,0.111755252714582,0.164463040919886,0.211119578646113,0.252247420901965,0.288563301855647,0.320772145100796,0.349497281023158,0.375265750106059,0.39851485264081,0.419605184209508,0.438834176226614,0.456448063329318,0.472651791723069,0.487616992787771,0.501488321433399,0.514388475761012,0.526422176032605,0.537679330809971,0.548237567791661,0.558164269217738,0.567518218175291,0.57635093883737,0.584707793856871,0.592628888668407,0.600149820285161,0.607302301577966,0.614114683997285,0.620612397700917,0.626818323737985,0.632753110511564,0.638435443551391,0.643882277276877,0.649109034012204,0.654129776008892,0.658957354674694,0.663603540417695,0.668079135627059,0.672394074219192,0.676557508529295,0.680577886026639,0.684463017089456,0.68822013521043,0.691855949906055,0.695376694415915,0.698788167994693,0.702095773588472,0.705304551840769,0.708419211443295,0.711444156602691
"36",0.0549202107684632,0.114351445819502,0.167497421868565,0.21424448746166,0.255282760015502,0.291429561950551,0.323443279085752,0.351973293217619,0.377558175717898,0.400639476526938,0.421578554587558,0.440672039911015,0.458164747914841,0.474260044532106,0.489128028725625,0.502911957047102,0.515733290283924,0.527695671747343,0.538888079921871,0.549387342686209,0.559260154965012,0.568564709142473,0.577352020478141,0.585667012162439,0.593549409071803,0.60103447785305,0.608153643289584,0.614935005173631,0.621403772774769,0.627582632864976,0.633492062244791,0.639150594686449,0.644575049569809,0.649780729205467,0.654781588479088,0.659590382821677,0.664218796151435,0.668677553423184,0.672976518370309,0.677124779899385,0.681130728153034,0.68500212133269,0.688746145372549,0.692369466494515,0.695878278471225,0.699278344246668,0.702575033596047,0.705773356579188,0.708877993885989,0.711893323814772
"37",0.056401349236848,0.116701376623211,0.170190134443833,0.216984394285372,0.257926657968547,0.293918572420094,0.32576081542971,0.354122431158514,0.379550258006538,0.402488605357573,0.423299037427196,0.442277287001249,0.459666868535542,0.475669771847651,0.490454790458275,0.504164003076872,0.516917834121467,0.528819027564037,0.539955786586059,0.550404272231514,0.560230606488396,0.569492488402011,0.578240508029675,0.586519221063093,0.594368033481542,0.601821934464167,0.60891210696475,0.615666438720514,0.622109952830183,0.628265172028719,0.634152427928502,0.639790125720824,0.645194970526537,0.650382162368129,0.655365565030939,0.660157851961825,0.664770633629876,0.669214568578989,0.673499460720574,0.677634344640432,0.681627561249377,0.685486824026325,0.689219278074827,0.692831552502345,0.696329806887634,0.699719773015492,0.703006792047474,0.706195847660637,0.709291596347988,0.712298394002141
"38",0.0577812409046903,0.118827047663835,0.172583436205515,0.219395710617769,0.260242010028481,0.296094063853445,0.327786065607984,0.356002048632421,0.381294870064539,0.40411064524913,0.424810841193278,0.443690298971925,0.46099137240587,0.476914863334862,0.491628454643267,0.505273229899352,0.51796874156921,0.529816977612254,0.540905489769628,0.551309878876013,0.561095784619338,0.570320490980697,0.579034229246629,0.587281244556314,0.595100673290488,0.602527269681665,0.609592011310189,0.616322605793038,0.622743917765693,0.628878329911563,0.634746050283955,0.640365373910674,0.645752907895677,0.650923764977322,0.655891730467233,0.660669407483803,0.665268343140773,0.669699138916765,0.673971546938499,0.67809455502636,0.68207646147904,0.685924941135205,0.689647103705905,0.693249545931611,0.696738397945177,0.700119364352304,0.703397761425536,0.706578549931343,0.709666365252629,0.712665543747725
"39",0.0590650407475407,0.120750132846973,0.174715500340947,0.221526656041157,0.262280738507593,0.298007529673494,0.329567931909946,0.357657548884778,0.382833698936823,0.405543691669278,0.426148743065383,0.444942857594837,0.462167368681421,0.478022056502886,0.492673657689004,0.506262411931665,0.518907133367232,0.530709170672794,0.541755524050388,0.552121319642774,0.561871788454107,0.571063861595338,0.579747465321124,0.587966580301432,0.595760112793383,0.603162616297209,0.61020489251885,0.616914494672501,0.623316151255035,0.629432124915353,0.635282516857223,0.640885527321794,0.646257678960664,0.651414008711571,0.656368234141815,0.661132897405669,0.665719490749416,0.670138565856843,0.674399829961359,0.678512230255094,0.682484027823294,0.686322863636333,0.690035816706548,0.693629455496471,0.697109884325665,0.700482784002721,0.703753449020037,0.70692682007832,0.710007513930495,0.712999849874121
"40",0.06025832403489,0.122491296381358,0.176620140232411,0.223418040562254,0.264085584861388,0.299700663069853,0.331145631992924,0.359125153797094,0.384199917728327,0.40681803413507,0.427340400560481,0.446060260621029,0.463218057842946,0.479012694127178,0.493610097926344,0.507149789814271,0.519749955374039,0.531511398522632,0.542520649610548,0.552852429728366,0.56257162031693,0.571734850470446,0.580391785118878,0.588586177741081,0.596356736714795,0.603737842432095,0.610760145002154,0.617451064192381,0.623835210914098,0.629934743353783,0.635769670263787,0.641358109553683,0.646716510242103,0.651859843397531,0.656801767515817,0.661554771369524,0.666130299254228,0.670538859437106,0.674790119854475,0.678892991775643,0.682855703841502,0.68668586743849,0.6903905342225,0.693976248024599,0.697449090306861,0.700814721035108,0.704078415329442,0.707245096259294,0.710319364110154,0.71330552312077
"41",0.0613668775483607,0.124069772712165,0.178326907859026,0.225104212953166,0.265691735415694,0.301207353136229,0.33255081980613,0.360433995023783,0.385420167644208,0.407957994729603,0.428408036969045,0.447062858552977,0.464162129896893,0.479903997199109,0.494453695891427,0.50795013081286,0.520510949277255,0.532236488331855,0.543212875006688,0.553514482117566,0.563205890331196,0.572343468558295,0.580976655678477,0.589149008715544,0.596899064607541,0.604261053734953,0.611265494238745,0.617939689820102,0.624308148736848,0.630392938322283,0.636213986343564,0.641789338684872,0.647135379794794,0.652267023099229,0.657197875040711,0.661940377686228,0.666505933027879,0.670905011076248,0.67514724502967,0.679241514680711,0.68319601988506,0.687018345661687,0.690715519918293,0.694294064357235,0.697760040229028,0.70111908901677,0.704376468722092,0.707537086644641,0.710605528569779,0.713586085199809
"42",0.0623965284698074,0.125503150672844,0.179861401840964,0.226614013683994,0.267128215602879,0.302555282882351,0.333809220319108,0.361607692618086,0.386516035305397,0.408983287909931,0.429369682801303,0.447967183991068,0.465014791355127,0.480709999317306,0.495217446799016,0.508675508684393,0.521201368547155,0.532894960885029,0.543842064290956,0.554116750294485,0.563783339056992,0.572897973314903,0.581509895752354,0.589662492140272,0.597394149840734,0.604738968061161,0.611727349772957,0.618386496917669,0.624740827516618,0.630812329135696,0.63662085845975,0.642184397766287,0.647519274776942,0.652640351805171,0.657561189386038,0.662294188325383,0.666850713075166,0.671241199815916,0.675475250915678,0.679561718204831,0.683508775923818,0.687323985831304,0.691014354447237,0.694586383813262,0.698046117319503,0.701399179799184,0.704650814046579,0.707805913318781,0.710869050308573,0.713844503716614
"43",0.0633530107401386,0.126807306579455,0.181245674221882,0.227971652991427,0.268419048332559,0.303767192571119,0.334941887916232,0.362665550772977,0.387505161409673,0.409910035565515,0.430240099724455,0.448786791412666,0.465788528605583,0.48144224211276,0.495912055248554,0.509335884458367,0.521830511624149,0.533495522044379,0.544416391577915,0.554666929578906,0.564311228742055,0.573405234493823,0.581998017742913,0.590132814255927,0.597847880108183,0.605177199262017,0.612151073117293,0.618796613845352,0.625138160168901,0.631197628951406,0.636994813911785,0.642547641121349,0.647872387845482,0.652983871117676,0.657895610799677,0.662619970725591,0.667168282134589,0.671550950976279,0.675777552134074,0.679856912364942,0.683797183165711,0.687605905491248,0.691290066581681,0.694856151120395,0.698310186280785,0.701657782024854,0.704904167605143,0.708054223430946,0.711112510707119,0.714083297271664
"44",0.0642418661893416,0.127996435910911,0.182498663417007,0.229197480820478,0.269584198127789,0.304861872699393,0.335966175678855,0.363623468295899,0.38840207922814,0.410751531909966,0.431031475815668,0.449532888232733,0.466493681752479,0.482110298211902,0.496546413256685,0.509939544984545,0.522406125440433,0.534045435323683,0.544942685864516,0.555171456869379,0.564795641642316,0.573871012324504,0.582446488402108,0.590565173584735,0.598265208031602,0.605580473773094,0.612541182334762,0.619174366375094,0.625504294103695,0.631552819557498,0.637339680498454,0.64288275289027,0.648198269097511,0.653301005676973,0.658204446075414,0.662920921200932,0.667461732481536,0.671837258797766,0.676057050385104,0.680129911596615,0.684063973499633,0.687866758142411,0.691545235747578,0.695105875111602,0.698554688830775,0.701897273723688,0.705138846486027,0.708284276245561,0.711338113643167,0.714304616670896
"45",0.0650683758098513,0.129083146864773,0.183636614235153,0.230308643112189,0.270640333728048,0.305854943857151,0.336896484419493,0.364494635847649,0.38921885391921,0.411518825338756,0.431753953603825,0.450214814569407,0.467138881096375,0.48272216936169,0.497127964864809,0.510493437529399,0.522934713581898,0.534550806355487,0.545426694722685,0.555635756483983,0.565241709167269,0.57430017155837,0.582859929465513,0.590963969445181,0.598650328729569,0.605952798933758,0.612901511356271,0.619523428046161,0.625842754109557,0.631881287627277,0.637658716207767,0.643192871061777,0.648499944171105,0.653594675932218,0.658490516966517,0.663199768792595,0.667733705849802,0.672102682686766,0.676316227438568,0.680383124146842,0.684311485443738,0.688108816459912,0.691782071837619,0.695337706189716,0.6987817189932,0.702119694819104,0.705356839371719,0.708498011381312,0.711547751860916,0.714510310100421
"46",0.0658375158643782,0.130078586808131,0.184673462387886,0.231319630653281,0.27160144057882,0.306759469122621,0.337744844005861,0.365290074268485,0.389965573879632,0.412221165104716,0.432416035639752,0.450840411638399,0.467731382599508,0.483284592856264,0.497662986414773,0.511003427830496,0.523421774122577,0.535016803381554,0.545873289182937,0.556064430617383,0.56565378937869,0.574696848310092,0.583242274173864,0.591332949223672,0.599006818951799,0.606297594030455,0.613235334366808,0.619846938384126,0.626156554989175,0.63218593173902,0.637954711389042,0.643480684684178,0.64878000752071,0.653867387607269,0.658756245988181,0.66345885750997,0.6679864724232,0.672349423237062,0.676557218004066,0.680618622466266,0.684541732551274,0.688334037993684,0.692002479393824,0.695553498335448,0.698993082491836,0.702326805427527,0.705559862577317,0.708697103466038,0.711743060234259,0.714701974114171
"47",0.0665539342657126,0.130992582695898,0.185621176165886,0.232242733932272,0.272479311346742,0.307586436887083,0.338521368130085,0.366019052435648,0.390650732156284,0.412866347375907,0.433024898604125,0.45141630733997,0.468277328141608,0.48380327954311,0.498156805302993,0.51147450083326,0.523871985705363,0.53544782945409,0.546286623766294,0.556461408676932,0.566035607260443,0.575064580969214,0.583596890448315,0.591675324428604,0.599337746389832,0.606617794259765,0.613545463756513,0.620147596247334,0.626448289813286,0.632469246748284,0.638230069126668,0.643748511330285,0.649040696482489,0.654121302618231,0.659003724264198,0.663700211950712,0.668221993952852,0.67257938285344,0.676781868423721,0.680838199842699,0.684756457725215,0.688544117918537,0.692208108151237,0.695754858242242,0.699190344977132,0.702520131894398,0.705749405180745,0.708883005756604,0.711925457836055,0.714880995298479
"48",0.0672219418435265,0.131833783550004,0.186490052306834,0.233088417278868,0.273283939650542,0.308345143327707,0.339234611048786,0.366689414982412,0.391281524236079,0.413460985610569,0.433586638698364,0.451948139627551,0.468781949553213,0.484283100507422,0.498613971295061,0.511910919527496,0.524289353667531,0.535847658271779,0.546670262667704,0.556830065148989,0.566390364635598,0.5754064140569,0.583926678465178,0.591993863029539,0.599645756939747,0.606915933002747,0.613834328808106,0.62042773427572,0.626720201539636,0.63273339186253,0.638486870498656,0.643998358885019,0.649283950298594,0.654358296059022,0.659234766321203,0.663925589552196,0.66844197421533,0.672794214477105,0.676991783679587,0.681043415734253,0.68495717732101,0.688740531568473,0.692400394467529,0.695943185145439,0.699374870330294,0.702701004486137,0.705926765207801,0.70905698561591,0.712096182690766,0.715048583426774
"49",0.0678455148489276,0.132609796637041,0.187288970114623,0.233865625323468,0.274023836532453,0.309043495720284,0.339891849654906,0.367307840477165,0.391864082820435,0.41401072370138,0.434106465377285,0.452440732837118,0.469249729506669,0.484728234623516,0.499038392664654,0.512316349646322,0.524677326366863,0.536219542040716,0.54702728085687,0.557173313943756,0.566720828985334,0.575724980890141,0.584234149097433,0.592290962873317,0.599933144698629,0.607194208217976,0.6141040385407,0.620689378928714,0.626974239648277,0.632980244856192,0.638726926339934,0.644231975414727,0.649511458332107,0.654580001911351,0.659450954202829,0.664136523537108,0.668647900037586,0.672995361350135,0.677188365557053,0.681235632657001,0.685145216595947,0.688924568866052,0.692580594726671,0.696119703302901,0.699547852316014,0.702870587764286,0.706093079477331,0.70922015325652,0.712256319484264,0.715205798903304
"50",0.0684283054069914,0.133327313699619,0.188025606876693,0.23458203513585,0.274706285281536,0.309688255460132,0.340499308390462,0.367880046398777,0.392403664177342,0.414520405136629,0.434588855333684,0.452898237990374,0.469684529984737,0.485142286759446,0.499433444424798,0.512693960559277,0.525038888209665,0.536566298217673,0.547360344666309,0.557493684189311,0.567029404017162,0.576022570933443,0.584521486514413,0.592568711663154,0.600201908198452,0.607454536054123,0.614356432647559,0.620934298726391,0.627212106750055,0.633211446619172,0.638951819795958,0.644450890069318,0.649724698972663,0.654787850889842,0.659653673593192,0.664334357136204,0.668841074729322,0.67318408883684,0.677372843593515,0.681416046172487,0.685321738939727,0.689097362500182,0.692749812340292,0.696285488444968,0.699710340191413,0.703029905673948,0.706249347649335,0.709373485300378,0.712406822706985,0.715353574925919
"51",0.0689736569474148,0.133992224999813,0.188706619300845,0.235244262558804,0.275337547820764,0.310285233228818,0.341062339118287,0.368410953316563,0.392904797281135,0.414994208529078,0.435037675461877,0.453324245423115,0.470089695314827,0.48552838200699,0.499802055867958,0.51304650590765,0.525376634513063,0.536890379479742,0.547671777178853,0.557793381215748,0.567318187683041,0.576301183525568,0.584790599935814,0.592828935222938,0.600453796423666,0.607698594406653,0.614593123097809,0.62116404443431,0.627435296137723,0.633428437083426,0.639162940818269,0.644656445943383,0.649924971245697,0.654983100698966,0.659844143325242,0.664520272304042,0.669022645509419,0.673361511308122,0.677546300902925,0.681585709908543,0.685487769751534,0.689259911275986,0.692909020663926,0.696441489715146,0.699863259800957,0.703179862042311,0.706396452519869,0.709517844234978,0.712548535522,0.715492736208264
"52",0.0694846229929927,0.134609721469792,0.189337797006885,0.235858031212566,0.275923032230226,0.310839446618782,0.341585565919957,0.368904817038711,0.393371403780777,0.415435756566356,0.435456282494972,0.45372187543907,0.470468135447564,0.485889242681137,0.500146781398875,0.513376389253063,0.525692833171536,0.537193930597541,0.547963611850143,0.558074336689051,0.567589018899434,0.576562572746369,0.58504316496914,0.59307323746569,0.600690346703046,0.607927858881547,0.614815528204461,0.621379981004353,0.62764512316887,0.633632485162721,0.639361514825332,0.6448498276701,0.650113421557633,0.655166861540301,0.660023439628267,0.664695313219094,0.669193626125682,0.673528613744315,0.677709695383416,0.681745555799242,0.685644216495943,0.689413099081161,0.693059081411982,0.696588547444105,0.700007431414864,0.703321257790456,0.706535176472912,0.709653994696253,0.712682205676353,0.715624014142457
"53",0.0699639874065118,0.135184384533323,0.189924190808448,0.236428312704818,0.276467429504128,0.311355247882033,0.342073002546794,0.369365335570507,0.393806895302957,0.415848204638864,0.435847603713234,0.454093852339714,0.470822393837907,0.486227250788416,0.500469858283769,0.513685717848725,0.525989474009521,0.537478835270015,0.548237635658785,0.558338249793577,0.56784351633911,0.576808283218636,0.585280658722346,0.59330303260684,0.600912915335552,0.608143632210374,0.615024900747895,0.621583314732602,0.627842750911189,0.633824713404732,0.639548626325279,0.645032084037803,0.650291065149617,0.655340117202414,0.660192516348351,0.664860405669596,0.669354915777154,0.673686270083571,0.677863876970157,0.681896411135824,0.685791884787255,0.689557711163884,0.69320076019424,0.696727408665946,0.700143584187917,0.703454804932233,0.706666215203935,0.709782616956949,0.712808498389565,0.715748059684594
"54",0.0704142852331365,0.135720264341275,0.190470220673185,0.236959441749591,0.276974825256458,0.311836428698778,0.342528148691762,0.36979573646798,0.394214252987997,0.416234313199043,0.436214202979351,0.454442564800187,0.471154703133499,0.48654449921351,0.500773254206949,0.51397634660612,0.526268310093084,0.537746754338371,0.548495425542007,0.55858662076341,0.568083110236587,0.577039681067149,0.585504387806182,0.593519572625385,0.601122703817697,0.608347068736139,0.615222351564599,0.621775115886494,0.628029211447871,0.634006118207516,0.639725238497848,0.645204146963201,0.650458804417734,0.655503742242308,0.660352221964145,0.665016373330204,0.669507314733368,0.673835258426615,0.678009602743679,0.682039012976317,0.685931492733035,0.689694447415542,0.693334739651859,0.696858739534865,0.700272368408825,0.70358113887262,0.706790189752713,0.709904318115693,0.712928007580679,0.715865454069382
"55",0.0708378232227244,0.136220948129985,0.190979766654248,0.237455211556678,0.27744879267099,0.312286305954425,0.342954068349021,0.370198848462076,0.394596092566213,0.41659650704474,0.436558334926421,0.454770115831248,0.471467030686275,0.486842834127107,0.501058706441287,0.51424991465398,0.52653089192444,0.537999157673883,0.548738378142953,0.558820779510531,0.56830906905832,0.577257978294088,0.585715512438376,0.593723969942643,0.60132077993497,0.608539195293638,0.615408868974735,0.621956336849884,0.628205423778882,0.634177587310075,0.639892209698889,0.645366847219808,0.650617444146127,0.655658516997975,0.660503313674002,0.665163951483208,0.669651537563021,0.673976273840063,0.678147549063804,0.68217401993863,0.68606368214941,0.689823933587371,0.693461630264656,0.696983135866875,0.70039436613572,0.703700828209475,0.706907655955576,0.710019641812815,0.713041265162056,0.715976717919411
"56",0.0712366999464642,0.136689619891422,0.191456245270866,0.237918953539066,0.277892468110052,0.312707792591887,0.343353454515132,0.370577160621802,0.394954718035376,0.416936924821593,0.436881989937305,0.455078363745688,0.471761116839826,0.487123890142653,0.50132775444358,0.514507875857225,0.526778595571841,0.538237350934575,0.54896773494916,0.559041908695708,0.568522521722204,0.577464254340947,0.585915066454137,0.593917215957185,0.601508096096023,0.608720927696231,0.61558533497328,0.622127828115324,0.628372208957606,0.634339914173891,0.640050307268366,0.645520927703735,0.650767704318614,0.65580513980364,0.660646469309457,0.665303798651961,0.669788224407796,0.674109938945883,0.678278322110169,0.682302022556378,0.686189028443335,0.689946730934807,0.693581979631361,0.697101132432587,0.700510099613919,0.703814383284922,0.7070191127844,0.710129076210892,0.71314874883072,0.716082318936576
"57",0.071612824197406,0.137129111344738,0.191902674061996,0.238353603564423,0.27830861476781,0.313103456319409,0.343728683306885,0.370932871092722,0.395292166564623,0.417257458981816,0.43718693163345,0.455368956740699,0.472038506657709,0.487389119576362,0.50158176734791,0.514751523847691,0.527012646577359,0.538462497729049,0.549184602951434,0.559251063571469,0.568724475945345,0.577659473382201,0.586103973540434,0.594100197209649,0.601685504303707,0.608893085838023,0.615752539575911,0.622290351707883,0.628530302680932,0.634493809936793,0.640200219478501,0.645667054922469,0.65091023109078,0.655944237462457,0.660782297463968,0.66543650622882,0.669917950381162,0.674236813354661,0.67840246674166,0.682423551643107,0.686308049277086,0.690063344302792,0.693696280542947,0.697213210317203,0.700620038850939,0.703922263646784,0.707125009620277,0.710233060898237,0.713250888868329,0.716182678435517
"58",0.0719679329069341,0.13754194628467,0.192321725763094,0.238761757620961,0.278699675358875,0.313475568312062,0.344081858497783,0.37126792828111,0.39561024549216,0.417559790521498,0.43747472783186,0.455643361562282,0.472300576141291,0.487639817177162,0.501821966435419,0.514982013750546,0.527234140068476,0.538675638335139,0.549389972520344,0.559449188800643,0.568915834584491,0.577844499319662,0.586283062094649,0.594273708969521,0.601853769071846,0.609056405740553,0.615911192046287,0.622444592045342,0.628680366229576,0.634639913968321,0.640342565086994,0.64580582858962,0.651045605807964,0.656076374217855,0.660911346202104,0.665562606752899,0.670041233491795,0.674357401203801,0.67852047406113,0.682539085765699,0.686421211244977,0.690174229042609,0.693804977407272,0.697319803587969,0.700724608141342,0.704024884025303,0.707225752173115,0.710331992797582,0.713348073920607,0.716278177063407
"59",0.0723036072277925,0.137930379274375,0.19271577476346,0.239145718074794,0.279067816878155,0.313826144668718,0.344414848890757,0.371584064717554,0.395910564101694,0.417845417483444,0.437746777032,0.455902887613702,0.47254855495748,0.487877140691522,0.502049444732082,0.515200379983599,0.527444057130955,0.538877705603997,0.549584732306482,0.55963713251147,0.569097408263257,0.578020108654075,0.586453076765429,0.594438466577709,0.60201357836685,0.609211549951689,0.61606193127368,0.622591165870033,0.628822995412546,0.634778802669818,0.640477902248737,0.64593778939703,0.651174353047491,0.656202059267322,0.66103411011214,0.665682581285746,0.670158541623562,0.674472158183927,0.678632787790368,0.682649057579392,0.686528936222349,0.690279796834365,0.693908472282872,0.69742130505239,0.700824191268518,0.704122619739217,0.707321707498909,0.710426231291232,0.713440655789348,0.716369159354609
"60",0.0726212873151171,0.138296428335842,0.19308693621791,0.239507533433119,0.279414967193234,0.314156980402182,0.344729320200114,0.371882826165468,0.396194558998303,0.418115678647777,0.438004330496418,0.456148707511124,0.472783544987986,0.488102128555348,0.502265183290359,0.515407551740441,0.527643279828727,0.539069538446394,0.549769681758767,0.55981565807568,0.569269927283315,0.578187001099225,0.586614688994576,0.594595115045596,0.602165552960733,0.609359116422493,0.616205334132865,0.622730630097483,0.628958728785235,0.634910997116784,0.640606735632501,0.646063426668403,0.65129694737108,0.656321753440118,0.661151037125879,0.66579686522057,0.670270298548115,0.674581496837298,0.678739809972601,0.68275385892104,0.686631606669177,0.690380420836852,0.694007129582924,0.697518070799177,0.700919136309453,0.70421581119651,0.707413208791626,0.710516102450076,0.713528953772678,0.716455938189976
